Timestamp,Pattern Type,Detected Color,Additional Info
2024-10-07T20:29:48.049844,Rectangle,red,
2024-10-07T20:29:48.049844,Circle,green,
2024-10-07T20:29:48.049844,Circle,blue,
2024-10-07T20:29:48.049844,Triangle,red,
2024-10-07T20:30:24.260631,Square,blue,
2024-10-07T20:30:24.260631,Circle,yellow,
2024-10-07T20:30:24.260631,Rectangle,undefined,
2024-10-07T20:30:24.260631,Circle,undefined,
2024-10-07T20:30:24.260631,Circle,blue,
2024-10-07T20:30:24.260631,Square,yellow,
2024-10-07T20:30:24.260631,Circle,yellow,
2024-10-07T20:30:24.260631,Rectangle,green,
2024-10-07T20:30:24.260631,Square,yellow,
2024-10-07T20:30:32.269943,Rectangle,red,
2024-10-07T20:30:32.270441,Circle,green,
2024-10-07T20:30:32.270441,Circle,blue,
2024-10-07T20:30:32.277033,Triangle,red,
2024-10-07T20:30:33.272841,Square,blue,
2024-10-07T20:30:33.272841,Circle,yellow,
2024-10-07T20:30:33.272841,Rectangle,undefined,
2024-10-07T20:30:33.272841,Circle,undefined,
2024-10-07T20:30:33.272841,Circle,blue,
2024-10-07T20:30:33.272841,Square,yellow,
2024-10-07T20:30:33.272841,Circle,yellow,
2024-10-07T20:30:33.288485,Rectangle,green,
2024-10-07T20:30:33.289406,Square,yellow,
2024-10-07T20:30:51.544044,Rectangle,red,
2024-10-07T20:30:51.544547,Circle,green,
2024-10-07T20:30:51.544547,Circle,blue,
2024-10-07T20:30:51.544547,Triangle,red,
2024-10-07T20:30:53.962303,Square,blue,
2024-10-07T20:30:53.962303,Circle,yellow,
2024-10-07T20:30:53.978129,Rectangle,undefined,
2024-10-07T20:30:53.978129,Circle,undefined,
2024-10-07T20:30:53.978129,Circle,blue,
2024-10-07T20:30:53.978129,Square,yellow,
2024-10-07T20:30:53.978129,Circle,yellow,
2024-10-07T20:30:53.978129,Rectangle,green,
2024-10-07T20:30:53.978129,Square,yellow,
2024-10-07T20:38:59.462436,Rectangle,red,
2024-10-07T20:38:59.462436,Circle,green,
2024-10-07T20:38:59.462436,Circle,blue,
2024-10-07T20:38:59.462436,Triangle,red,
2024-10-07T20:39:00.566266,Square,blue,
2024-10-07T20:39:00.566266,Circle,yellow,
2024-10-07T20:39:00.566266,Rectangle,undefined,
2024-10-07T20:39:00.582157,Circle,undefined,
2024-10-07T20:39:00.583163,Circle,blue,
2024-10-07T20:39:00.583163,Square,yellow,
2024-10-07T20:39:00.583163,Circle,yellow,
2024-10-07T20:39:00.583163,Rectangle,green,
2024-10-07T20:39:00.583163,Square,yellow,
2024-10-07T20:39:20.403187,Circle,undefined,
2024-10-07T20:39:20.404260,Rectangle,undefined,
2024-10-07T20:39:20.405226,Rectangle,undefined,
2024-10-07T20:39:20.405894,Pentagon,undefined,
2024-10-07T20:39:20.456399,Rectangle,undefined,
2024-10-07T20:39:20.459513,Rectangle,undefined,
2024-10-07T20:39:20.461496,Circle,undefined,
2024-10-07T20:39:20.464430,Circle,undefined,
2024-10-07T20:39:20.519315,Rectangle,undefined,
2024-10-07T20:39:20.525658,Rectangle,undefined,
2024-10-07T20:39:20.525658,Circle,undefined,
2024-10-07T20:39:20.600988,Rectangle,undefined,
2024-10-07T20:39:20.603713,Rectangle,undefined,
2024-10-07T20:39:20.606710,Rectangle,undefined,
2024-10-07T20:39:20.608717,Circle,undefined,
2024-10-07T20:39:20.664336,Rectangle,undefined,
2024-10-07T20:39:20.667378,Circle,undefined,
2024-10-07T20:39:20.726327,Circle,undefined,
2024-10-07T20:39:20.785825,Rectangle,undefined,
2024-10-07T20:39:20.785825,Pentagon,undefined,
2024-10-07T20:39:20.852100,Pentagon,undefined,
2024-10-07T20:39:20.936306,Circle,undefined,
2024-10-07T20:39:20.938136,Pentagon,undefined,
2024-10-07T20:39:20.999464,Rectangle,undefined,
2024-10-07T20:39:21.002368,Pentagon,undefined,
2024-10-07T20:39:21.058091,Circle,undefined,
2024-10-07T20:39:21.058091,Pentagon,undefined,
2024-10-07T20:39:21.126947,Circle,blue,
2024-10-07T20:39:21.131161,Pentagon,undefined,
2024-10-07T20:39:21.187231,Circle,undefined,
2024-10-07T20:39:21.188531,Pentagon,undefined,
2024-10-07T20:39:21.255137,Circle,undefined,
2024-10-07T20:39:21.330338,Circle,undefined,
2024-10-07T20:39:21.330338,Circle,undefined,
2024-10-07T20:39:21.392305,Circle,undefined,
2024-10-07T20:39:21.392305,Circle,undefined,
2024-10-07T20:39:21.526596,Pentagon,undefined,
2024-10-07T20:39:21.585915,Circle,undefined,
2024-10-07T20:39:21.648702,Circle,undefined,
2024-10-07T20:39:21.730843,Circle,undefined,
2024-10-07T20:39:21.730843,Circle,undefined,
2024-10-07T20:39:21.730843,Pentagon,undefined,
2024-10-07T20:39:21.797954,Circle,undefined,
2024-10-07T20:39:21.858191,Circle,undefined,
2024-10-07T20:39:21.858191,Pentagon,undefined,
2024-10-07T20:39:21.922200,Pentagon,undefined,
2024-10-07T20:39:21.991670,Circle,undefined,
2024-10-07T20:39:21.994735,Circle,undefined,
2024-10-07T20:39:22.049836,Rectangle,undefined,
2024-10-07T20:39:22.049836,Circle,undefined,
2024-10-07T20:39:22.130826,Circle,undefined,
2024-10-07T20:39:22.197980,Rectangle,undefined,
2024-10-07T20:39:22.197980,Circle,undefined,
2024-10-07T20:39:22.258017,Rectangle,undefined,
2024-10-07T20:39:22.258017,Circle,undefined,
2024-10-07T20:39:22.322077,Circle,undefined,
2024-10-07T20:39:22.386222,Circle,undefined,
2024-10-07T20:39:22.386222,Circle,undefined,
2024-10-07T20:39:22.386222,Pentagon,undefined,
2024-10-07T20:39:23.121988,Pentagon,undefined,
2024-10-07T20:39:23.266498,Rectangle,undefined,
2024-10-07T20:39:23.329234,Rectangle,undefined,
2024-10-07T20:39:23.329234,Rectangle,undefined,
2024-10-07T20:39:23.329234,Circle,undefined,
2024-10-07T20:39:23.394063,Rectangle,undefined,
2024-10-07T20:39:23.458343,Rectangle,undefined,
2024-10-07T20:39:23.521378,Rectangle,undefined,
2024-10-07T20:39:23.521378,Square,undefined,
2024-10-07T20:39:23.601930,Triangle,undefined,
2024-10-07T20:39:23.601930,Pentagon,undefined,
2024-10-07T20:39:23.601930,Circle,undefined,
2024-10-07T20:39:23.601930,Triangle,undefined,
2024-10-07T20:39:23.665367,Pentagon,undefined,
2024-10-07T20:39:23.665367,Circle,blue,
2024-10-07T20:39:23.665367,Circle,undefined,
2024-10-07T20:39:23.730473,Pentagon,undefined,
2024-10-07T20:39:23.730473,Triangle,undefined,
2024-10-07T20:39:23.793922,Circle,undefined,
2024-10-07T20:39:23.793922,Rectangle,undefined,
2024-10-07T20:39:23.801943,Pentagon,undefined,
2024-10-07T20:39:23.801943,Rectangle,undefined,
2024-10-07T20:39:23.858164,Rectangle,undefined,
2024-10-07T20:39:23.938456,Rectangle,undefined,
2024-10-07T20:39:23.938456,Pentagon,undefined,
2024-10-07T20:39:23.938456,Pentagon,undefined,
2024-10-07T20:39:24.002437,Circle,blue,
2024-10-07T20:39:24.002437,Rectangle,undefined,
2024-10-07T20:39:24.002437,Circle,blue,
2024-10-07T20:39:24.002437,Rectangle,undefined,
2024-10-07T20:39:24.068151,Pentagon,blue,
2024-10-07T20:39:24.068151,Rectangle,undefined,
2024-10-07T20:39:24.068151,Pentagon,undefined,
2024-10-07T20:39:24.079556,Circle,blue,
2024-10-07T20:39:24.081987,Pentagon,undefined,
2024-10-07T20:39:24.128911,Circle,blue,
2024-10-07T20:39:24.128911,Rectangle,undefined,
2024-10-07T20:39:24.128911,Circle,undefined,
2024-10-07T20:39:24.128911,Circle,blue,
2024-10-07T20:39:24.258036,Rectangle,undefined,
2024-10-07T20:39:24.258036,Circle,blue,
2024-10-07T20:39:24.258036,Circle,undefined,
2024-10-07T20:39:24.341318,Triangle,undefined,
2024-10-07T20:39:24.344875,Circle,undefined,
2024-10-07T20:39:24.403735,Triangle,undefined,
2024-10-07T20:39:24.403735,Circle,blue,
2024-10-07T20:39:24.403735,Circle,blue,
2024-10-07T20:39:24.403735,Circle,undefined,
2024-10-07T20:39:24.465169,Triangle,undefined,
2024-10-07T20:39:24.465169,Circle,blue,
2024-10-07T20:39:24.465169,Circle,blue,
2024-10-07T20:39:24.529804,Circle,blue,
2024-10-07T20:39:24.529804,Rectangle,undefined,
2024-10-07T20:39:24.529804,Circle,blue,
2024-10-07T20:39:24.529804,Circle,undefined,
2024-10-07T20:39:24.594192,Rectangle,undefined,
2024-10-07T20:39:24.594192,Circle,blue,
2024-10-07T20:39:24.605811,Circle,undefined,
2024-10-07T20:39:24.606300,Circle,blue,
2024-10-07T20:39:24.606300,Rectangle,undefined,
2024-10-07T20:39:24.677284,Rectangle,undefined,
2024-10-07T20:39:24.677284,Circle,blue,
2024-10-07T20:39:24.677284,Circle,undefined,
2024-10-07T20:39:24.677284,Circle,blue,
2024-10-07T20:39:24.737620,Rectangle,undefined,
2024-10-07T20:39:24.737620,Circle,blue,
2024-10-07T20:39:24.737620,Circle,blue,
2024-10-07T20:39:24.805072,Rectangle,undefined,
2024-10-07T20:39:24.805072,Circle,blue,
2024-10-07T20:39:24.805072,Circle,blue,
2024-10-07T20:39:24.864749,Rectangle,undefined,
2024-10-07T20:39:24.864749,Pentagon,blue,
2024-10-07T20:39:24.864749,Rectangle,undefined,
2024-10-07T20:39:24.864749,Circle,blue,
2024-10-07T20:39:24.929985,Rectangle,undefined,
2024-10-07T20:39:24.929985,Circle,blue,
2024-10-07T20:39:24.929985,Rectangle,undefined,
2024-10-07T20:39:24.941090,Circle,blue,
2024-10-07T20:39:24.993775,Rectangle,undefined,
2024-10-07T20:39:24.993775,Circle,blue,
2024-10-07T20:39:24.993775,Circle,blue,
2024-10-07T20:39:24.993775,Pentagon,undefined,
2024-10-07T20:39:25.205445,Rectangle,undefined,
2024-10-07T20:39:25.205445,Rectangle,undefined,
2024-10-07T20:39:25.264849,Circle,undefined,
2024-10-07T20:39:25.537980,Circle,undefined,
2024-10-07T20:39:25.546828,Circle,undefined,
2024-10-07T20:39:25.546828,Circle,undefined,
2024-10-07T20:39:25.606236,Circle,undefined,
2024-10-07T20:39:25.671174,Rectangle,undefined,
2024-10-07T20:39:25.673803,Circle,undefined,
2024-10-07T20:39:25.730017,Triangle,undefined,
2024-10-07T20:39:25.730017,Circle,undefined,
2024-10-07T20:39:25.809774,Pentagon,undefined,
2024-10-07T20:39:25.809774,Circle,undefined,
2024-10-07T20:39:25.809774,Circle,undefined,
2024-10-07T20:39:25.874378,Pentagon,undefined,
2024-10-07T20:39:25.874378,Rectangle,undefined,
2024-10-07T20:39:25.874378,Rectangle,undefined,
2024-10-07T20:39:25.936951,Rectangle,undefined,
2024-10-07T20:39:25.936951,Circle,undefined,
2024-10-07T20:39:26.006383,Triangle,undefined,
2024-10-07T20:39:26.006383,Circle,undefined,
2024-10-07T20:39:26.006383,Circle,undefined,
2024-10-07T20:39:26.065900,Triangle,undefined,
2024-10-07T20:39:26.065900,Rectangle,undefined,
2024-10-07T20:39:26.065900,Rectangle,undefined,
2024-10-07T20:39:26.146236,Rectangle,undefined,
2024-10-07T20:39:26.215364,Pentagon,undefined,
2024-10-07T20:39:26.217359,Rectangle,undefined,
2024-10-07T20:39:26.220361,Rectangle,undefined,
2024-10-07T20:39:26.274105,Rectangle,undefined,
2024-10-07T20:39:26.274105,Circle,undefined,
2024-10-07T20:39:26.337961,Circle,undefined,
2024-10-07T20:39:26.337961,Circle,undefined,
2024-10-07T20:39:26.406935,Circle,undefined,
2024-10-07T20:39:26.464770,Pentagon,undefined,
2024-10-07T20:39:26.464770,Circle,undefined,
2024-10-07T20:39:26.545071,Circle,undefined,
2024-10-07T20:39:26.545071,Rectangle,undefined,
2024-10-07T20:39:26.609255,Circle,undefined,
2024-10-07T20:39:28.211877,Circle,undefined,
2024-10-07T20:39:28.353781,Rectangle,undefined,
2024-10-07T20:39:29.490107,Circle,undefined,
2024-10-07T20:39:29.554814,Rectangle,undefined,
2024-10-07T20:39:29.554814,Circle,blue,
2024-10-07T20:39:29.554814,Circle,undefined,
2024-10-07T20:39:29.554814,Circle,undefined,
2024-10-07T20:39:29.680267,Triangle,undefined,
2024-10-07T20:39:29.694517,Triangle,undefined,
2024-10-07T20:39:29.745636,Circle,blue,
2024-10-07T20:39:30.419499,Triangle,undefined,
2024-10-07T20:39:30.426960,Rectangle,undefined,
2024-10-07T20:39:32.370483,Circle,undefined,
2024-10-07T20:39:32.498256,Circle,undefined,
2024-10-07T20:39:32.498256,Rectangle,undefined,
2024-10-07T20:39:32.498256,Rectangle,green,
2024-10-07T20:39:32.568711,Rectangle,undefined,
2024-10-07T20:39:32.625568,Circle,undefined,
2024-10-07T20:39:32.689400,Rectangle,undefined,
2024-10-07T20:39:32.689400,Pentagon,undefined,
2024-10-07T20:39:32.689400,Circle,undefined,
2024-10-07T20:39:32.689400,Circle,undefined,
2024-10-07T20:39:33.026310,Circle,undefined,
2024-10-07T20:39:33.426752,Circle,undefined,
2024-10-07T20:39:33.426752,Circle,undefined,
2024-10-07T20:39:33.490065,Circle,undefined,
2024-10-07T20:39:33.490065,Circle,undefined,
2024-10-07T20:39:33.569031,Rectangle,undefined,
2024-10-07T20:39:33.639258,Circle,undefined,
2024-10-07T20:39:33.699471,Circle,undefined,
2024-10-07T20:39:33.827818,Circle,green,
2024-10-07T20:39:33.905463,Triangle,undefined,
2024-10-07T20:39:33.905463,Pentagon,undefined,
2024-10-07T20:39:33.905463,Circle,undefined,
2024-10-07T20:39:33.905463,Pentagon,undefined,
2024-10-07T20:39:33.969836,Circle,undefined,
2024-10-07T20:39:34.098100,Circle,undefined,
2024-10-07T20:39:34.098100,Circle,red,
2024-10-07T20:39:34.098100,Pentagon,undefined,
2024-10-07T20:39:34.168324,Circle,green,
2024-10-07T20:39:34.170320,Circle,undefined,
2024-10-07T20:39:34.228801,Rectangle,undefined,
2024-10-07T20:39:34.228801,Circle,undefined,
2024-10-07T20:39:34.306062,Circle,undefined,
2024-10-07T20:39:34.306062,Circle,undefined,
2024-10-07T20:39:34.369199,Circle,undefined,
2024-10-07T20:39:34.433125,Rectangle,green,
2024-10-07T20:39:34.497846,Circle,green,
2024-10-07T20:39:34.497846,Circle,undefined,
2024-10-07T20:39:34.561630,Triangle,undefined,
2024-10-07T20:39:34.561630,Circle,green,
2024-10-07T20:39:34.561630,Pentagon,undefined,
2024-10-07T20:39:34.642275,Circle,undefined,
2024-10-07T20:39:34.710527,Pentagon,undefined,
2024-10-07T20:39:34.769850,Pentagon,undefined,
2024-10-07T20:39:34.769850,Circle,undefined,
2024-10-07T20:39:34.833991,Pentagon,undefined,
2024-10-07T20:39:34.962567,Circle,undefined,
2024-10-07T20:39:35.039242,Pentagon,undefined,
2024-10-07T20:39:35.105529,Circle,undefined,
2024-10-07T20:39:35.111142,Rectangle,green,
2024-10-07T20:39:35.111142,Circle,undefined,
2024-10-07T20:39:35.114009,Circle,undefined,
2024-10-07T20:39:35.114591,Pentagon,undefined,
2024-10-07T20:39:35.173874,Circle,undefined,
2024-10-07T20:39:35.231609,Pentagon,undefined,
2024-10-07T20:39:35.301250,Rectangle,undefined,
2024-10-07T20:39:35.301250,Circle,undefined,
2024-10-07T20:39:35.378097,Circle,undefined,
2024-10-07T20:39:35.378097,Circle,undefined,
2024-10-07T20:39:35.441631,Pentagon,undefined,
2024-10-07T20:39:35.441631,Circle,undefined,
2024-10-07T20:39:35.506628,Circle,undefined,
2024-10-07T20:39:35.506628,Circle,undefined,
2024-10-07T20:39:35.506628,Circle,undefined,
2024-10-07T20:39:35.506628,Pentagon,undefined,
2024-10-07T20:39:35.570016,Circle,green,
2024-10-07T20:39:35.570016,Pentagon,undefined,
2024-10-07T20:39:35.633881,Circle,undefined,
2024-10-07T20:39:35.698103,Triangle,undefined,
2024-10-07T20:39:35.698103,Pentagon,undefined,
2024-10-07T20:39:35.777706,Circle,undefined,
2024-10-07T20:39:35.777706,Circle,undefined,
2024-10-07T20:39:35.777706,Pentagon,undefined,
2024-10-07T20:39:35.841915,Circle,undefined,
2024-10-07T20:39:35.841915,Circle,undefined,
2024-10-07T20:39:35.906807,Circle,undefined,
2024-10-07T20:39:35.906807,Pentagon,undefined,
2024-10-07T20:39:35.969096,Circle,undefined,
2024-10-07T20:39:35.969096,Circle,undefined,
2024-10-07T20:39:35.969096,Pentagon,undefined,
2024-10-07T20:39:36.032982,Rectangle,undefined,
2024-10-07T20:39:36.032982,Circle,undefined,
2024-10-07T20:39:36.032982,Circle,undefined,
2024-10-07T20:39:36.032982,Rectangle,undefined,
2024-10-07T20:39:36.114007,Circle,undefined,
2024-10-07T20:39:36.114007,Circle,undefined,
2024-10-07T20:39:36.114007,Rectangle,undefined,
2024-10-07T20:39:36.114007,Pentagon,undefined,
2024-10-07T20:39:36.178300,Rectangle,undefined,
2024-10-07T20:39:36.178300,Circle,undefined,
2024-10-07T20:39:36.178300,Circle,undefined,
2024-10-07T20:39:36.242276,Pentagon,undefined,
2024-10-07T20:39:36.242276,Rectangle,undefined,
2024-10-07T20:39:36.242276,Circle,green,
2024-10-07T20:39:36.242276,Circle,undefined,
2024-10-07T20:39:36.311266,Circle,undefined,
2024-10-07T20:39:36.311266,Circle,undefined,
2024-10-07T20:39:36.369971,Rectangle,undefined,
2024-10-07T20:39:36.369971,Circle,undefined,
2024-10-07T20:39:36.369971,Pentagon,undefined,
2024-10-07T20:39:36.450076,Pentagon,undefined,
2024-10-07T20:39:36.513678,Circle,green,
2024-10-07T20:39:36.513678,Circle,green,
2024-10-07T20:39:36.577874,Circle,green,
2024-10-07T20:39:36.577874,Pentagon,undefined,
2024-10-07T20:39:36.641562,Triangle,undefined,
2024-10-07T20:39:36.641562,Pentagon,undefined,
2024-10-07T20:39:36.704818,Rectangle,undefined,
2024-10-07T20:39:36.704818,Circle,undefined,
2024-10-07T20:39:36.704818,Rectangle,undefined,
2024-10-07T20:39:36.769057,Triangle,undefined,
2024-10-07T20:39:36.769057,Rectangle,undefined,
2024-10-07T20:39:36.769057,Circle,undefined,
2024-10-07T20:39:36.849321,Triangle,undefined,
2024-10-07T20:39:36.849321,Pentagon,undefined,
2024-10-07T20:39:36.849321,Circle,undefined,
2024-10-07T20:39:36.911863,Circle,undefined,
2024-10-07T20:39:36.911863,Circle,undefined,
2024-10-07T20:39:36.975468,Pentagon,undefined,
2024-10-07T20:39:36.975468,Circle,undefined,
2024-10-07T20:39:36.975468,Pentagon,undefined,
2024-10-07T20:39:36.975468,Rectangle,undefined,
2024-10-07T20:39:37.042298,Circle,undefined,
2024-10-07T20:39:37.042298,Pentagon,undefined,
2024-10-07T20:39:37.106212,Triangle,undefined,
2024-10-07T20:39:37.106212,Pentagon,undefined,
2024-10-07T20:39:37.106212,Pentagon,undefined,
2024-10-07T20:39:37.184975,Circle,undefined,
2024-10-07T20:39:37.184975,Circle,undefined,
2024-10-07T20:39:37.249885,Circle,undefined,
2024-10-07T20:39:37.249885,Triangle,undefined,
2024-10-07T20:39:37.249885,Circle,undefined,
2024-10-07T20:39:37.315172,Circle,undefined,
2024-10-07T20:39:37.315172,Circle,undefined,
2024-10-07T20:39:37.377106,Circle,undefined,
2024-10-07T20:39:37.377106,Triangle,undefined,
2024-10-07T20:39:37.377106,Pentagon,undefined,
2024-10-07T20:39:37.441954,Pentagon,undefined,
2024-10-07T20:39:37.441954,Circle,undefined,
2024-10-07T20:39:37.441954,Circle,undefined,
2024-10-07T20:39:37.586416,Circle,undefined,
2024-10-07T20:39:37.586416,Circle,undefined,
2024-10-07T20:39:37.713670,Circle,undefined,
2024-10-07T20:39:37.778057,Circle,undefined,
2024-10-07T20:39:37.846774,Pentagon,undefined,
2024-10-07T20:39:37.921901,Circle,undefined,
2024-10-07T20:39:37.985563,Circle,undefined,
2024-10-07T20:39:38.049943,Circle,undefined,
2024-10-07T20:39:38.114417,Pentagon,undefined,
2024-10-07T20:39:38.114417,Circle,undefined,
2024-10-07T20:39:38.177473,Circle,undefined,
2024-10-07T20:39:38.240662,Circle,undefined,
2024-10-07T20:39:38.240662,Circle,undefined,
2024-10-07T20:39:38.321951,Circle,undefined,
2024-10-07T20:39:38.390306,Triangle,undefined,
2024-10-07T20:39:38.393742,Pentagon,undefined,
2024-10-07T20:39:38.450111,Triangle,undefined,
2024-10-07T20:39:38.513975,Circle,undefined,
2024-10-07T20:39:38.513975,Pentagon,undefined,
2024-10-07T20:39:38.577944,Rectangle,undefined,
2024-10-07T20:39:38.658028,Rectangle,undefined,
2024-10-07T20:39:38.658028,Rectangle,undefined,
2024-10-07T20:39:38.658028,Circle,undefined,
2024-10-07T20:39:38.658028,Circle,green,
2024-10-07T20:39:38.720972,Pentagon,undefined,
2024-10-07T20:39:38.720972,Pentagon,undefined,
2024-10-07T20:39:38.720972,Circle,green,
2024-10-07T20:39:38.850041,Rectangle,undefined,
2024-10-07T20:39:38.850041,Pentagon,undefined,
2024-10-07T20:39:38.917626,Rectangle,undefined,
2024-10-07T20:39:38.920626,Pentagon,undefined,
2024-10-07T20:39:38.977569,Rectangle,undefined,
2024-10-07T20:39:38.977569,Circle,undefined,
2024-10-07T20:39:39.057560,Pentagon,undefined,
2024-10-07T20:39:39.186066,Circle,green,
2024-10-07T20:39:39.186066,Pentagon,undefined,
2024-10-07T20:39:39.253701,Circle,undefined,
2024-10-07T20:39:39.253701,Rectangle,undefined,
2024-10-07T20:39:39.313983,Pentagon,undefined,
2024-10-07T20:39:39.313983,Pentagon,undefined,
2024-10-07T20:39:39.393971,Pentagon,undefined,
2024-10-07T20:39:39.462818,Circle,undefined,
2024-10-07T20:39:39.521901,Circle,undefined,
2024-10-07T20:39:39.586257,Circle,undefined,
2024-10-07T20:39:39.649926,Circle,undefined,
2024-10-07T20:39:39.714029,Pentagon,undefined,
2024-10-07T20:39:39.921027,Pentagon,undefined,
2024-10-07T20:39:40.050493,Pentagon,undefined,
2024-10-07T20:39:40.129807,Triangle,undefined,
2024-10-07T20:39:40.129807,Circle,undefined,
2024-10-07T20:39:40.192839,Circle,undefined,
2024-10-07T20:39:40.257905,Pentagon,undefined,
2024-10-07T20:39:40.257905,Circle,undefined,
2024-10-07T20:39:40.322972,Pentagon,undefined,
2024-10-07T20:39:40.384850,Pentagon,undefined,
2024-10-07T20:39:40.384850,Circle,undefined,
2024-10-07T20:39:40.450401,Pentagon,undefined,
2024-10-07T20:39:40.656786,Circle,undefined,
2024-10-07T20:39:40.656786,Pentagon,undefined,
2024-10-07T20:39:40.721323,Circle,undefined,
2024-10-07T20:39:40.929580,Pentagon,green,
2024-10-07T20:39:40.993498,Circle,undefined,
2024-10-07T20:39:41.063059,Pentagon,undefined,
2024-10-07T20:39:41.065066,Circle,undefined,
2024-10-07T20:39:41.066066,Circle,undefined,
2024-10-07T20:39:41.120499,Pentagon,undefined,
2024-10-07T20:39:41.183743,Square,undefined,
2024-10-07T20:39:41.183743,Rectangle,undefined,
2024-10-07T20:39:41.188487,Circle,undefined,
2024-10-07T20:39:41.188487,Circle,green,
2024-10-07T20:39:41.188487,Circle,green,
2024-10-07T20:39:41.263802,Circle,undefined,
2024-10-07T20:39:41.263802,Circle,undefined,
2024-10-07T20:39:41.263802,Circle,undefined,
2024-10-07T20:39:41.263802,Pentagon,undefined,
2024-10-07T20:39:41.263802,Circle,undefined,
2024-10-07T20:39:41.329344,Circle,undefined,
2024-10-07T20:39:41.329344,Circle,undefined,
2024-10-07T20:39:41.329344,Circle,undefined,
2024-10-07T20:39:41.393122,Pentagon,undefined,
2024-10-07T20:39:41.393122,Pentagon,undefined,
2024-10-07T20:39:41.393122,Circle,undefined,
2024-10-07T20:39:41.455641,Circle,undefined,
2024-10-07T20:39:41.455641,Pentagon,undefined,
2024-10-07T20:39:41.455641,Circle,undefined,
2024-10-07T20:39:41.462255,Circle,undefined,
2024-10-07T20:39:41.520184,Pentagon,undefined,
2024-10-07T20:39:41.520184,Circle,undefined,
2024-10-07T20:39:41.520184,Circle,undefined,
2024-10-07T20:39:41.591993,Rectangle,undefined,
2024-10-07T20:39:41.595076,Circle,undefined,
2024-10-07T20:39:41.597075,Circle,undefined,
2024-10-07T20:39:41.663709,Circle,undefined,
2024-10-07T20:39:41.663709,Square,undefined,
2024-10-07T20:39:41.663709,Circle,undefined,
2024-10-07T20:39:41.728304,Pentagon,undefined,
2024-10-07T20:39:41.728304,Circle,undefined,
2024-10-07T20:39:41.792955,Circle,undefined,
2024-10-07T20:39:41.792955,Circle,undefined,
2024-10-07T20:39:41.792955,Circle,undefined,
2024-10-07T20:39:41.856276,Circle,undefined,
2024-10-07T20:39:41.856276,Circle,undefined,
2024-10-07T20:39:41.856276,Rectangle,undefined,
2024-10-07T20:39:41.921304,Circle,undefined,
2024-10-07T20:39:41.921304,Circle,undefined,
2024-10-07T20:39:41.921304,Circle,undefined,
2024-10-07T20:39:42.001947,Circle,undefined,
2024-10-07T20:39:42.001947,Circle,undefined,
2024-10-07T20:39:42.072642,Rectangle,undefined,
2024-10-07T20:39:42.072642,Circle,undefined,
2024-10-07T20:39:42.072642,Rectangle,undefined,
2024-10-07T20:39:42.128621,Triangle,undefined,
2024-10-07T20:39:42.128621,Pentagon,undefined,
2024-10-07T20:39:42.128621,Pentagon,green,
2024-10-07T20:39:42.128621,Rectangle,undefined,
2024-10-07T20:39:42.128621,Circle,undefined,
2024-10-07T20:39:42.192521,Pentagon,undefined,
2024-10-07T20:39:42.192521,Circle,green,
2024-10-07T20:39:42.192521,Pentagon,undefined,
2024-10-07T20:39:42.192521,Circle,undefined,
2024-10-07T20:39:42.256009,Circle,undefined,
2024-10-07T20:39:42.256009,Pentagon,undefined,
2024-10-07T20:39:42.256009,Circle,undefined,
2024-10-07T20:39:42.319772,Circle,undefined,
2024-10-07T20:39:42.319772,Pentagon,undefined,
2024-10-07T20:39:42.319772,Pentagon,undefined,
2024-10-07T20:39:42.319772,Circle,undefined,
2024-10-07T20:39:42.401223,Pentagon,undefined,
2024-10-07T20:39:42.401223,Pentagon,undefined,
2024-10-07T20:39:42.401223,Pentagon,undefined,
2024-10-07T20:39:42.401223,Circle,undefined,
2024-10-07T20:39:42.464762,Circle,undefined,
2024-10-07T20:39:42.464762,Circle,undefined,
2024-10-07T20:39:42.464762,Circle,green,
2024-10-07T20:39:42.529370,Rectangle,undefined,
2024-10-07T20:39:42.529370,Pentagon,undefined,
2024-10-07T20:39:42.529370,Circle,undefined,
2024-10-07T20:39:42.592986,Circle,undefined,
2024-10-07T20:39:42.663315,Pentagon,undefined,
2024-10-07T20:39:42.720561,Pentagon,undefined,
2024-10-07T20:39:42.720561,Circle,undefined,
2024-10-07T20:39:42.720561,Circle,undefined,
2024-10-07T20:39:42.720561,Rectangle,undefined,
2024-10-07T20:39:42.801696,Circle,undefined,
2024-10-07T20:39:42.801696,Circle,undefined,
2024-10-07T20:39:42.801696,Circle,undefined,
2024-10-07T20:39:42.865191,Circle,undefined,
2024-10-07T20:39:42.865191,Pentagon,green,
2024-10-07T20:39:42.865191,Circle,undefined,
2024-10-07T20:39:42.865191,Circle,undefined,
2024-10-07T20:39:42.930366,Circle,undefined,
2024-10-07T20:39:42.930366,Circle,undefined,
2024-10-07T20:39:42.930366,Pentagon,undefined,
2024-10-07T20:39:42.993653,Circle,green,
2024-10-07T20:39:42.993653,Circle,undefined,
2024-10-07T20:39:42.993653,Pentagon,undefined,
2024-10-07T20:39:43.057902,Pentagon,undefined,
2024-10-07T20:39:43.057902,Pentagon,undefined,
2024-10-07T20:39:43.057902,Circle,undefined,
2024-10-07T20:39:43.057902,Circle,green,
2024-10-07T20:39:43.057902,Circle,undefined,
2024-10-07T20:39:43.074351,Pentagon,undefined,
2024-10-07T20:39:43.121530,Circle,undefined,
2024-10-07T20:39:43.121530,Pentagon,green,
2024-10-07T20:39:43.121530,Circle,undefined,
2024-10-07T20:39:43.206002,Circle,undefined,
2024-10-07T20:39:43.208903,Circle,undefined,
2024-10-07T20:39:43.211198,Pentagon,undefined,
2024-10-07T20:39:43.211198,Circle,undefined,
2024-10-07T20:39:43.265415,Circle,undefined,
2024-10-07T20:39:43.265415,Circle,undefined,
2024-10-07T20:39:43.265415,Circle,undefined,
2024-10-07T20:39:43.329031,Pentagon,undefined,
2024-10-07T20:39:43.329031,Rectangle,undefined,
2024-10-07T20:39:43.329031,Circle,undefined,
2024-10-07T20:39:43.329031,Pentagon,green,
2024-10-07T20:39:43.329031,Circle,undefined,
2024-10-07T20:39:43.394174,Circle,undefined,
2024-10-07T20:39:43.394174,Rectangle,undefined,
2024-10-07T20:39:43.394174,Circle,undefined,
2024-10-07T20:39:43.394174,Circle,green,
2024-10-07T20:39:43.394174,Pentagon,undefined,
2024-10-07T20:39:43.457531,Circle,undefined,
2024-10-07T20:39:43.457531,Circle,undefined,
2024-10-07T20:39:43.457531,Circle,green,
2024-10-07T20:39:43.457531,Circle,undefined,
2024-10-07T20:39:43.457531,Circle,undefined,
2024-10-07T20:39:43.521656,Rectangle,undefined,
2024-10-07T20:39:43.521656,Triangle,undefined,
2024-10-07T20:39:43.521656,Circle,undefined,
2024-10-07T20:39:43.521656,Pentagon,undefined,
2024-10-07T20:39:43.538167,Circle,undefined,
2024-10-07T20:39:43.538664,Circle,undefined,
2024-10-07T20:39:43.602202,Triangle,undefined,
2024-10-07T20:39:43.602202,Circle,green,
2024-10-07T20:39:43.602202,Circle,undefined,
2024-10-07T20:39:43.665564,Rectangle,undefined,
2024-10-07T20:39:43.665564,Circle,green,
2024-10-07T20:39:43.665564,Circle,undefined,
2024-10-07T20:39:43.665564,Rectangle,undefined,
2024-10-07T20:39:43.729539,Circle,undefined,
2024-10-07T20:39:43.729539,Circle,green,
2024-10-07T20:39:43.729539,Pentagon,undefined,
2024-10-07T20:39:43.793600,Triangle,undefined,
2024-10-07T20:39:43.793600,Triangle,undefined,
2024-10-07T20:39:43.857808,Pentagon,undefined,
2024-10-07T20:39:43.857808,Circle,undefined,
2024-10-07T20:39:43.857808,Circle,undefined,
2024-10-07T20:39:43.937971,Rectangle,undefined,
2024-10-07T20:39:43.937971,Circle,undefined,
2024-10-07T20:39:44.000882,Pentagon,undefined,
2024-10-07T20:39:44.000882,Pentagon,undefined,
2024-10-07T20:39:44.065974,Pentagon,undefined,
2024-10-07T20:39:44.065974,Pentagon,green,
2024-10-07T20:39:44.128764,Triangle,undefined,
2024-10-07T20:39:44.128764,Pentagon,undefined,
2024-10-07T20:39:44.128764,Pentagon,green,
2024-10-07T20:39:44.128764,Circle,green,
2024-10-07T20:39:44.193746,Circle,undefined,
2024-10-07T20:39:44.193746,Circle,green,
2024-10-07T20:39:44.193746,Circle,undefined,
2024-10-07T20:39:44.193746,Circle,undefined,
2024-10-07T20:39:44.193746,Pentagon,green,
2024-10-07T20:39:44.262700,Triangle,undefined,
2024-10-07T20:39:44.265717,Rectangle,undefined,
2024-10-07T20:39:44.267530,Circle,undefined,
2024-10-07T20:39:44.338250,Pentagon,undefined,
2024-10-07T20:39:44.338250,Circle,undefined,
2024-10-07T20:39:44.338250,Circle,undefined,
2024-10-07T20:39:44.350995,Pentagon,undefined,
2024-10-07T20:39:44.350995,Pentagon,undefined,
2024-10-07T20:39:44.400866,Circle,undefined,
2024-10-07T20:39:44.400866,Rectangle,undefined,
2024-10-07T20:39:44.400866,Circle,undefined,
2024-10-07T20:39:44.414162,Circle,undefined,
2024-10-07T20:39:44.465361,Circle,green,
2024-10-07T20:39:44.465361,Circle,undefined,
2024-10-07T20:39:44.530134,Circle,undefined,
2024-10-07T20:39:44.530134,Pentagon,green,
2024-10-07T20:39:44.530134,Circle,undefined,
2024-10-07T20:39:44.530134,Pentagon,undefined,
2024-10-07T20:39:44.594038,Pentagon,undefined,
2024-10-07T20:39:44.594038,Circle,undefined,
2024-10-07T20:39:44.658221,Square,undefined,
2024-10-07T20:39:44.658221,Circle,undefined,
2024-10-07T20:39:44.658221,Circle,green,
2024-10-07T20:39:44.658221,Circle,undefined,
2024-10-07T20:39:44.658221,Circle,undefined,
2024-10-07T20:39:44.745705,Rectangle,undefined,
2024-10-07T20:39:44.747695,Rectangle,undefined,
2024-10-07T20:39:44.750700,Circle,undefined,
2024-10-07T20:39:44.752703,Circle,green,
2024-10-07T20:39:44.801686,Pentagon,undefined,
2024-10-07T20:39:44.801686,Circle,undefined,
2024-10-07T20:39:44.801686,Circle,green,
2024-10-07T20:39:44.801686,Circle,green,
2024-10-07T20:39:44.866536,Pentagon,undefined,
2024-10-07T20:39:44.866536,Circle,undefined,
2024-10-07T20:39:44.866536,Triangle,undefined,
2024-10-07T20:39:44.866536,Rectangle,green,
2024-10-07T20:39:44.866536,Pentagon,undefined,
2024-10-07T20:39:44.882600,Circle,green,
2024-10-07T20:39:44.882600,Circle,undefined,
2024-10-07T20:39:44.930029,Circle,undefined,
2024-10-07T20:39:44.930029,Rectangle,green,
2024-10-07T20:39:44.930029,Circle,undefined,
2024-10-07T20:39:44.930029,Pentagon,undefined,
2024-10-07T20:39:44.946693,Circle,green,
2024-10-07T20:39:44.946693,Circle,undefined,
2024-10-07T20:39:44.992741,Square,undefined,
2024-10-07T20:39:44.992741,Circle,undefined,
2024-10-07T20:39:44.992741,Circle,green,
2024-10-07T20:39:44.992741,Circle,undefined,
2024-10-07T20:39:44.992741,Circle,undefined,
2024-10-07T20:39:45.058196,Triangle,undefined,
2024-10-07T20:39:45.058196,Circle,undefined,
2024-10-07T20:39:45.058196,Pentagon,undefined,
2024-10-07T20:39:45.058196,Circle,undefined,
2024-10-07T20:39:45.137472,Circle,undefined,
2024-10-07T20:39:45.137472,Circle,undefined,
2024-10-07T20:39:45.137472,Circle,undefined,
2024-10-07T20:39:45.202574,Square,green,
2024-10-07T20:39:45.202574,Circle,green,
2024-10-07T20:39:45.202574,Circle,undefined,
2024-10-07T20:39:45.266806,Square,green,
2024-10-07T20:39:45.266806,Square,undefined,
2024-10-07T20:39:45.278698,Pentagon,undefined,
2024-10-07T20:39:45.280729,Rectangle,green,
2024-10-07T20:39:45.282726,Circle,green,
2024-10-07T20:39:45.330145,Rectangle,undefined,
2024-10-07T20:39:45.330145,Pentagon,green,
2024-10-07T20:39:45.330145,Circle,undefined,
2024-10-07T20:39:45.393270,Circle,green,
2024-10-07T20:39:45.393270,Circle,undefined,
2024-10-07T20:39:45.457710,Rectangle,undefined,
2024-10-07T20:39:45.457710,Pentagon,undefined,
2024-10-07T20:39:45.457710,Rectangle,undefined,
2024-10-07T20:39:45.457710,Pentagon,undefined,
2024-10-07T20:39:45.457710,Circle,undefined,
2024-10-07T20:39:45.538749,Triangle,undefined,
2024-10-07T20:39:45.538749,Circle,green,
2024-10-07T20:39:45.538749,Circle,undefined,
2024-10-07T20:39:45.538749,Circle,undefined,
2024-10-07T20:39:45.602716,Circle,undefined,
2024-10-07T20:39:45.602716,Pentagon,undefined,
2024-10-07T20:39:45.602716,Circle,green,
2024-10-07T20:39:45.602716,Circle,undefined,
2024-10-07T20:39:45.602716,Rectangle,undefined,
2024-10-07T20:39:45.664332,Pentagon,undefined,
2024-10-07T20:39:45.664332,Rectangle,green,
2024-10-07T20:39:45.664332,Circle,undefined,
2024-10-07T20:39:45.729174,Pentagon,undefined,
2024-10-07T20:39:45.729174,Rectangle,undefined,
2024-10-07T20:39:45.729174,Rectangle,undefined,
2024-10-07T20:39:45.729174,Circle,undefined,
2024-10-07T20:39:45.793039,Triangle,undefined,
2024-10-07T20:39:45.793039,Square,green,
2024-10-07T20:39:45.793039,Circle,undefined,
2024-10-07T20:39:45.793039,Triangle,undefined,
2024-10-07T20:39:45.877146,Rectangle,undefined,
2024-10-07T20:39:45.877146,Pentagon,undefined,
2024-10-07T20:39:45.877146,Square,green,
2024-10-07T20:39:45.937881,Pentagon,undefined,
2024-10-07T20:39:45.937881,Rectangle,undefined,
2024-10-07T20:39:45.937881,Circle,green,
2024-10-07T20:39:45.937881,Circle,undefined,
2024-10-07T20:39:46.001959,Rectangle,undefined,
2024-10-07T20:39:46.001959,Circle,undefined,
2024-10-07T20:39:46.081895,Pentagon,undefined,
2024-10-07T20:39:46.081895,Circle,undefined,
2024-10-07T20:39:46.081895,Triangle,undefined,
2024-10-07T20:39:46.145891,Rectangle,undefined,
2024-10-07T20:39:46.145891,Rectangle,green,
2024-10-07T20:39:46.209605,Rectangle,undefined,
2024-10-07T20:39:46.209605,Circle,undefined,
2024-10-07T20:39:46.228380,Rectangle,undefined,
2024-10-07T20:39:46.228380,Circle,undefined,
2024-10-07T20:39:46.289582,Pentagon,undefined,
2024-10-07T20:39:46.289582,Pentagon,undefined,
2024-10-07T20:39:46.360093,Triangle,undefined,
2024-10-07T20:39:46.361375,Circle,undefined,
2024-10-07T20:39:46.361375,Circle,undefined,
2024-10-07T20:39:46.361375,Circle,undefined,
2024-10-07T20:39:46.417773,Triangle,undefined,
2024-10-07T20:39:46.417773,Rectangle,undefined,
2024-10-07T20:39:46.417773,Circle,green,
2024-10-07T20:39:46.417773,Circle,undefined,
2024-10-07T20:39:46.433894,Circle,undefined,
2024-10-07T20:39:46.496913,Circle,green,
2024-10-07T20:39:46.496913,Circle,undefined,
2024-10-07T20:39:46.561944,Pentagon,undefined,
2024-10-07T20:39:46.561944,Circle,green,
2024-10-07T20:39:46.625957,Circle,undefined,
2024-10-07T20:39:46.705886,Circle,undefined,
2024-10-07T20:39:46.705886,Circle,green,
2024-10-07T20:39:46.705886,Circle,undefined,
2024-10-07T20:39:46.769778,Rectangle,green,
2024-10-07T20:39:46.769778,Circle,undefined,
2024-10-07T20:39:46.834204,Pentagon,undefined,
2024-10-07T20:39:46.834204,Rectangle,undefined,
2024-10-07T20:39:46.834204,Circle,undefined,
2024-10-07T20:39:46.913553,Circle,undefined,
2024-10-07T20:39:46.913553,Rectangle,undefined,
2024-10-07T20:39:46.913553,Circle,undefined,
2024-10-07T20:39:46.913553,Circle,undefined,
2024-10-07T20:39:46.913553,Pentagon,undefined,
2024-10-07T20:39:46.977070,Circle,undefined,
2024-10-07T20:39:46.977070,Circle,green,
2024-10-07T20:39:46.977070,Pentagon,undefined,
2024-10-07T20:39:46.977070,Circle,undefined,
2024-10-07T20:39:46.992872,Circle,undefined,
2024-10-07T20:39:46.992872,Circle,undefined,
2024-10-07T20:39:47.042340,Circle,undefined,
2024-10-07T20:39:47.042340,Pentagon,undefined,
2024-10-07T20:39:47.042340,Circle,undefined,
2024-10-07T20:39:47.042340,Circle,undefined,
2024-10-07T20:39:47.121923,Circle,undefined,
2024-10-07T20:39:47.121923,Rectangle,undefined,
2024-10-07T20:39:47.121923,Rectangle,undefined,
2024-10-07T20:39:47.121923,Circle,undefined,
2024-10-07T20:39:47.138294,Circle,green,
2024-10-07T20:39:47.138294,Circle,undefined,
2024-10-07T20:39:47.187849,Circle,undefined,
2024-10-07T20:39:47.187849,Circle,undefined,
2024-10-07T20:39:47.187849,Square,undefined,
2024-10-07T20:39:47.187849,Pentagon,undefined,
2024-10-07T20:39:47.203606,Circle,green,
2024-10-07T20:39:47.203606,Pentagon,undefined,
2024-10-07T20:39:47.249702,Pentagon,undefined,
2024-10-07T20:39:47.249702,Circle,undefined,
2024-10-07T20:39:47.249702,Pentagon,undefined,
2024-10-07T20:39:47.261418,Pentagon,undefined,
2024-10-07T20:39:47.261418,Circle,undefined,
2024-10-07T20:39:47.330423,Circle,undefined,
2024-10-07T20:39:47.330423,Circle,undefined,
2024-10-07T20:39:47.330423,Pentagon,green,
2024-10-07T20:39:47.393694,Circle,undefined,
2024-10-07T20:39:47.393694,Triangle,undefined,
2024-10-07T20:39:47.393694,Rectangle,undefined,
2024-10-07T20:39:47.393694,Pentagon,undefined,
2024-10-07T20:39:47.409406,Circle,undefined,
2024-10-07T20:39:47.411609,Circle,undefined,
2024-10-07T20:39:47.462354,Square,undefined,
2024-10-07T20:39:47.462354,Pentagon,undefined,
2024-10-07T20:39:47.462354,Circle,green,
2024-10-07T20:39:47.462354,Circle,undefined,
2024-10-07T20:39:47.522064,Circle,undefined,
2024-10-07T20:39:47.522064,Circle,green,
2024-10-07T20:39:47.522064,Circle,green,
2024-10-07T20:39:47.591762,Circle,undefined,
2024-10-07T20:39:47.591762,Rectangle,green,
2024-10-07T20:39:47.591762,Circle,undefined,
2024-10-07T20:39:47.591762,Pentagon,green,
2024-10-07T20:39:47.591762,Circle,green,
2024-10-07T20:39:47.591762,Circle,undefined,
2024-10-07T20:39:47.648541,Pentagon,undefined,
2024-10-07T20:39:47.648541,Square,green,
2024-10-07T20:39:47.661428,Pentagon,undefined,
2024-10-07T20:39:47.663497,Circle,undefined,
2024-10-07T20:39:47.663497,Circle,green,
2024-10-07T20:39:47.730132,Rectangle,undefined,
2024-10-07T20:39:47.730132,Rectangle,undefined,
2024-10-07T20:39:47.730132,Circle,undefined,
2024-10-07T20:39:47.730132,Pentagon,green,
2024-10-07T20:39:47.730132,Pentagon,green,
2024-10-07T20:39:47.793980,Circle,undefined,
2024-10-07T20:39:47.793980,Rectangle,green,
2024-10-07T20:39:47.793980,Circle,undefined,
2024-10-07T20:39:47.793980,Circle,green,
2024-10-07T20:39:47.793980,Circle,green,
2024-10-07T20:39:47.810474,Pentagon,undefined,
2024-10-07T20:39:47.862970,Rectangle,undefined,
2024-10-07T20:39:47.862970,Triangle,undefined,
2024-10-07T20:39:47.862970,Circle,undefined,
2024-10-07T20:39:47.862970,Circle,green,
2024-10-07T20:39:47.862970,Circle,undefined,
2024-10-07T20:39:47.862970,Circle,undefined,
2024-10-07T20:39:47.927327,Pentagon,undefined,
2024-10-07T20:39:47.929827,Circle,undefined,
2024-10-07T20:39:47.931828,Pentagon,undefined,
2024-10-07T20:39:47.933826,Circle,undefined,
2024-10-07T20:39:47.984781,Pentagon,undefined,
2024-10-07T20:39:47.984781,Circle,undefined,
2024-10-07T20:39:47.984781,Square,green,
2024-10-07T20:39:47.984781,Pentagon,undefined,
2024-10-07T20:39:47.984781,Pentagon,undefined,
2024-10-07T20:39:48.001311,Circle,undefined,
2024-10-07T20:39:48.049877,Pentagon,undefined,
2024-10-07T20:39:48.049877,Circle,green,
2024-10-07T20:39:48.049877,Circle,undefined,
2024-10-07T20:39:48.130113,Pentagon,undefined,
2024-10-07T20:39:48.130113,Circle,green,
2024-10-07T20:39:48.130113,Circle,undefined,
2024-10-07T20:39:48.194994,Square,green,
2024-10-07T20:39:48.205098,Pentagon,undefined,
2024-10-07T20:39:48.205098,Circle,green,
2024-10-07T20:39:48.205098,Circle,undefined,
2024-10-07T20:39:48.262895,Pentagon,undefined,
2024-10-07T20:39:48.262895,Circle,undefined,
2024-10-07T20:39:48.262895,Pentagon,undefined,
2024-10-07T20:39:48.262895,Pentagon,green,
2024-10-07T20:39:48.262895,Circle,green,
2024-10-07T20:39:48.321063,Circle,green,
2024-10-07T20:39:48.529352,Circle,undefined,
2024-10-07T20:39:48.529352,Circle,green,
2024-10-07T20:39:48.593786,Circle,green,
2024-10-07T20:39:48.866754,Triangle,undefined,
2024-10-07T20:39:48.999883,Triangle,undefined,
2024-10-07T20:39:49.002939,Triangle,undefined,
2024-10-07T20:39:49.004938,Rectangle,undefined,
2024-10-07T20:39:49.007136,Triangle,undefined,
2024-10-07T20:39:49.009134,Circle,undefined,
2024-10-07T20:39:49.010932,Pentagon,undefined,
2024-10-07T20:39:49.057812,Circle,undefined,
2024-10-07T20:39:50.192392,Circle,undefined,
2024-10-07T20:39:50.322161,Circle,undefined,
2024-10-07T20:39:50.868254,Circle,undefined,
2024-10-07T20:39:50.868254,Pentagon,undefined,
2024-10-07T20:39:51.457573,Circle,undefined,
2024-10-07T20:39:51.669685,Pentagon,undefined,
2024-10-07T20:39:51.669685,Rectangle,undefined,
2024-10-07T20:39:51.730218,Pentagon,undefined,
2024-10-07T20:39:51.793713,Circle,undefined,
2024-10-07T20:39:51.857986,Rectangle,undefined,
2024-10-07T20:39:51.857986,Rectangle,undefined,
2024-10-07T20:39:52.002639,Triangle,undefined,
2024-10-07T20:39:52.070298,Pentagon,undefined,
2024-10-07T20:39:52.130230,Rectangle,undefined,
2024-10-07T20:39:52.130230,Rectangle,undefined,
2024-10-07T20:39:52.198411,Rectangle,undefined,
2024-10-07T20:39:52.201350,Rectangle,undefined,
2024-10-07T20:39:52.204349,Rectangle,undefined,
2024-10-07T20:39:52.206348,Pentagon,undefined,
2024-10-07T20:39:52.257488,Rectangle,undefined,
2024-10-07T20:39:52.257488,Rectangle,undefined,
2024-10-07T20:39:52.325088,Triangle,undefined,
2024-10-07T20:39:52.325088,Rectangle,undefined,
2024-10-07T20:39:52.325088,Circle,undefined,
2024-10-07T20:39:52.402273,Triangle,undefined,
2024-10-07T20:39:52.402273,Rectangle,undefined,
2024-10-07T20:39:52.402273,Rectangle,undefined,
2024-10-07T20:39:52.466276,Circle,undefined,
2024-10-07T20:39:52.528733,Rectangle,undefined,
2024-10-07T20:39:52.528733,Triangle,undefined,
2024-10-07T20:39:52.593588,Circle,undefined,
2024-10-07T20:39:52.593588,Square,undefined,
2024-10-07T20:39:52.662193,Rectangle,undefined,
2024-10-07T20:39:52.662193,Circle,undefined,
2024-10-07T20:39:52.737650,Rectangle,undefined,
2024-10-07T20:39:52.864862,Triangle,undefined,
2024-10-07T20:39:52.929279,Circle,undefined,
2024-10-07T20:39:53.058109,Triangle,undefined,
2024-10-07T20:39:53.538186,Triangle,undefined,
2024-10-07T20:39:54.001824,Pentagon,undefined,
2024-10-07T20:39:54.129184,Circle,blue,
2024-10-07T20:39:54.192594,Circle,blue,
2024-10-07T20:39:54.466310,Circle,blue,
2024-10-07T20:39:54.593763,Circle,blue,
2024-10-07T20:39:54.673936,Circle,blue,
2024-10-07T20:39:54.678955,Circle,blue,
2024-10-07T20:39:54.736873,Circle,blue,
2024-10-07T20:39:54.736873,Circle,blue,
2024-10-07T20:39:54.801690,Circle,blue,
2024-10-07T20:39:54.864832,Circle,blue,
2024-10-07T20:39:54.929103,Circle,blue,
2024-10-07T20:39:54.993838,Circle,blue,
2024-10-07T20:39:54.993838,Circle,blue,
2024-10-07T20:39:55.073972,Circle,blue,
2024-10-07T20:39:55.079592,Circle,blue,
2024-10-07T20:39:55.136823,Circle,blue,
2024-10-07T20:39:55.136823,Pentagon,blue,
2024-10-07T20:39:55.201777,Circle,blue,
2024-10-07T20:39:55.265826,Pentagon,blue,
2024-10-07T20:39:55.329997,Circle,blue,
2024-10-07T20:39:55.393642,Circle,blue,
2024-10-07T20:39:55.473728,Circle,blue,
2024-10-07T20:39:55.536698,Circle,blue,
2024-10-07T20:39:55.602303,Circle,blue,
2024-10-07T20:39:55.602303,Circle,blue,
2024-10-07T20:39:55.670095,Circle,blue,
2024-10-07T20:39:56.002943,Circle,undefined,
2024-10-07T20:39:56.002943,Circle,undefined,
2024-10-07T20:39:56.002943,Rectangle,undefined,
2024-10-07T20:39:56.064903,Rectangle,undefined,
2024-10-07T20:39:56.193609,Circle,undefined,
2024-10-07T20:39:56.273488,Rectangle,undefined,
2024-10-07T20:39:56.465075,Pentagon,undefined,
2024-10-07T20:39:56.534284,Circle,undefined,
2024-10-07T20:39:56.609857,Circle,undefined,
2024-10-07T20:39:56.678030,Rectangle,undefined,
2024-10-07T20:39:56.678030,Square,undefined,
2024-10-07T20:39:56.684062,Rectangle,undefined,
2024-10-07T20:39:56.737618,Circle,undefined,
2024-10-07T20:39:56.737618,Circle,undefined,
2024-10-07T20:39:56.737618,Circle,undefined,
2024-10-07T20:39:56.801281,Circle,undefined,
2024-10-07T20:39:56.865886,Circle,undefined,
2024-10-07T20:39:56.865886,Circle,undefined,
2024-10-07T20:39:56.929615,Circle,undefined,
2024-10-07T20:39:56.929615,Circle,undefined,
2024-10-07T20:39:57.009931,Rectangle,undefined,
2024-10-07T20:39:57.009931,Circle,undefined,
2024-10-07T20:39:57.009931,Circle,undefined,
2024-10-07T20:39:57.073590,Triangle,undefined,
2024-10-07T20:39:57.073590,Pentagon,undefined,
2024-10-07T20:39:57.073590,Rectangle,undefined,
2024-10-07T20:39:57.137676,Rectangle,undefined,
2024-10-07T20:39:57.137676,Circle,undefined,
2024-10-07T20:39:57.137676,Circle,undefined,
2024-10-07T20:39:57.201823,Circle,undefined,
2024-10-07T20:39:57.201823,Circle,undefined,
2024-10-07T20:39:57.268671,Circle,undefined,
2024-10-07T20:39:57.268671,Circle,undefined,
2024-10-07T20:39:57.328154,Circle,undefined,
2024-10-07T20:39:57.328154,Circle,undefined,
2024-10-07T20:39:57.413917,Circle,undefined,
2024-10-07T20:39:57.413917,Circle,undefined,
2024-10-07T20:39:57.413917,Circle,undefined,
2024-10-07T20:39:57.480644,Circle,undefined,
2024-10-07T20:39:57.483654,Circle,undefined,
2024-10-07T20:39:57.536601,Circle,undefined,
2024-10-07T20:39:57.536601,Circle,undefined,
2024-10-07T20:39:57.601502,Circle,undefined,
2024-10-07T20:39:57.601502,Circle,undefined,
2024-10-07T20:39:57.665841,Circle,undefined,
2024-10-07T20:39:57.665841,Circle,undefined,
2024-10-07T20:39:57.729715,Circle,undefined,
2024-10-07T20:39:57.809068,Triangle,undefined,
2024-10-07T20:39:57.809068,Circle,undefined,
2024-10-07T20:39:57.873019,Circle,undefined,
2024-10-07T20:39:57.873019,Circle,undefined,
2024-10-07T20:39:57.936328,Circle,undefined,
2024-10-07T20:39:57.936328,Pentagon,undefined,
2024-10-07T20:39:57.939504,Pentagon,undefined,
2024-10-07T20:39:57.939504,Circle,undefined,
2024-10-07T20:39:58.001639,Circle,undefined,
2024-10-07T20:39:58.001639,Circle,undefined,
2024-10-07T20:39:58.011574,Rectangle,undefined,
2024-10-07T20:39:58.014954,Pentagon,undefined,
2024-10-07T20:39:58.064665,Pentagon,undefined,
2024-10-07T20:39:58.064665,Circle,undefined,
2024-10-07T20:39:58.128641,Circle,undefined,
2024-10-07T20:39:58.128641,Circle,undefined,
2024-10-07T20:39:58.209507,Circle,undefined,
2024-10-07T20:39:58.209507,Circle,undefined,
2024-10-07T20:39:58.274203,Circle,undefined,
2024-10-07T20:39:58.274203,Pentagon,undefined,
2024-10-07T20:39:58.337126,Circle,undefined,
2024-10-07T20:39:58.401891,Circle,undefined,
2024-10-07T20:39:58.401891,Circle,undefined,
2024-10-07T20:39:58.464306,Rectangle,undefined,
2024-10-07T20:39:58.464306,Circle,undefined,
2024-10-07T20:39:58.550010,Circle,undefined,
2024-10-07T20:39:58.617832,Circle,undefined,
2024-10-07T20:39:58.735076,Pentagon,undefined,
2024-10-07T20:39:58.735076,Circle,undefined,
2024-10-07T20:39:58.800061,Rectangle,undefined,
2024-10-07T20:39:58.868441,Triangle,undefined,
2024-10-07T20:39:58.868441,Circle,undefined,
2024-10-07T20:39:58.868441,Rectangle,undefined,
2024-10-07T20:39:58.868441,Pentagon,undefined,
2024-10-07T20:39:58.945522,Rectangle,undefined,
2024-10-07T20:39:59.009722,Rectangle,undefined,
2024-10-07T20:39:59.009722,Rectangle,undefined,
2024-10-07T20:39:59.078105,Circle,undefined,
2024-10-07T20:39:59.081253,Circle,undefined,
2024-10-07T20:39:59.137701,Rectangle,undefined,
2024-10-07T20:39:59.137701,Circle,undefined,
2024-10-07T20:39:59.200879,Pentagon,undefined,
2024-10-07T20:39:59.265495,Circle,undefined,
2024-10-07T20:39:59.265495,Circle,undefined,
2024-10-07T20:39:59.345943,Circle,undefined,
2024-10-07T20:39:59.409802,Rectangle,undefined,
2024-10-07T20:39:59.409802,Circle,undefined,
2024-10-07T20:39:59.473825,Circle,undefined,
2024-10-07T20:39:59.473825,Circle,undefined,
2024-10-07T20:39:59.473825,Pentagon,undefined,
2024-10-07T20:39:59.538064,Circle,undefined,
2024-10-07T20:39:59.538064,Rectangle,undefined,
2024-10-07T20:39:59.665364,Circle,undefined,
2024-10-07T20:39:59.745843,Rectangle,undefined,
2024-10-07T20:39:59.745843,Circle,undefined,
2024-10-07T20:39:59.808421,Circle,undefined,
2024-10-07T20:39:59.808421,Circle,undefined,
2024-10-07T20:39:59.874195,Circle,undefined,
2024-10-07T20:39:59.874195,Circle,undefined,
2024-10-07T20:39:59.938153,Circle,undefined,
2024-10-07T20:39:59.938153,Pentagon,undefined,
2024-10-07T20:39:59.938153,Circle,undefined,
2024-10-07T20:40:00.063735,Circle,undefined,
2024-10-07T20:40:00.063735,Rectangle,undefined,
2024-10-07T20:40:00.150109,Circle,undefined,
2024-10-07T20:40:00.209642,Circle,undefined,
2024-10-07T20:40:00.209642,Circle,undefined,
2024-10-07T20:40:00.337905,Rectangle,blue,
2024-10-07T20:40:00.337905,Rectangle,undefined,
2024-10-07T20:40:00.402014,Rectangle,undefined,
2024-10-07T20:40:00.402014,Pentagon,undefined,
2024-10-07T20:40:00.482398,Pentagon,undefined,
2024-10-07T20:40:00.545107,Rectangle,undefined,
2024-10-07T20:40:00.609342,Rectangle,undefined,
2024-10-07T20:40:00.609342,Rectangle,blue,
2024-10-07T20:40:00.674771,Circle,undefined,
2024-10-07T20:40:00.674771,Circle,undefined,
2024-10-07T20:40:00.674771,Circle,undefined,
2024-10-07T20:40:00.736952,Circle,undefined,
2024-10-07T20:40:00.736952,Pentagon,undefined,
2024-10-07T20:40:00.801472,Circle,undefined,
2024-10-07T20:40:00.881549,Circle,blue,
2024-10-07T20:40:00.881549,Pentagon,undefined,
2024-10-07T20:40:00.945132,Rectangle,undefined,
2024-10-07T20:40:00.945132,Pentagon,undefined,
2024-10-07T20:40:01.009357,Circle,undefined,
2024-10-07T20:40:01.009357,Rectangle,undefined,
2024-10-07T20:40:01.009357,Rectangle,undefined,
2024-10-07T20:40:01.009357,Circle,undefined,
2024-10-07T20:40:01.075562,Circle,undefined,
2024-10-07T20:40:01.075562,Rectangle,undefined,
2024-10-07T20:40:01.136563,Circle,undefined,
2024-10-07T20:40:01.136563,Rectangle,undefined,
2024-10-07T20:40:01.205729,Rectangle,undefined,
2024-10-07T20:40:01.281069,Circle,undefined,
2024-10-07T20:40:01.281069,Rectangle,undefined,
2024-10-07T20:40:01.281069,Circle,undefined,
2024-10-07T20:40:01.281069,Pentagon,undefined,
2024-10-07T20:40:01.281069,Rectangle,undefined,
2024-10-07T20:40:01.345588,Circle,undefined,
2024-10-07T20:40:01.345588,Circle,undefined,
2024-10-07T20:40:01.345588,Rectangle,undefined,
2024-10-07T20:40:01.409886,Circle,undefined,
2024-10-07T20:40:01.409886,Rectangle,undefined,
2024-10-07T20:40:01.474494,Rectangle,undefined,
2024-10-07T20:40:01.474494,Circle,undefined,
2024-10-07T20:40:01.537960,Circle,undefined,
2024-10-07T20:40:01.553565,Circle,undefined,
2024-10-07T20:40:01.685670,Rectangle,undefined,
2024-10-07T20:40:01.744713,Rectangle,undefined,
2024-10-07T20:40:01.744713,Rectangle,undefined,
2024-10-07T20:40:01.809796,Circle,undefined,
2024-10-07T20:40:01.809796,Rectangle,undefined,
2024-10-07T20:40:01.809796,Rectangle,undefined,
2024-10-07T20:40:01.873906,Circle,undefined,
2024-10-07T20:40:01.873906,Pentagon,undefined,
2024-10-07T20:40:01.873906,Pentagon,undefined,
2024-10-07T20:40:01.937195,Circle,undefined,
2024-10-07T20:40:01.937195,Rectangle,undefined,
2024-10-07T20:40:01.937195,Circle,undefined,
2024-10-07T20:40:01.955735,Circle,undefined,
2024-10-07T20:40:01.955735,Rectangle,undefined,
2024-10-07T20:40:01.955735,Circle,undefined,
2024-10-07T20:40:02.081795,Circle,undefined,
2024-10-07T20:40:02.081795,Circle,undefined,
2024-10-07T20:40:02.145861,Circle,undefined,
2024-10-07T20:40:02.145861,Triangle,undefined,
2024-10-07T20:40:02.145861,Rectangle,undefined,
2024-10-07T20:40:02.209848,Circle,undefined,
2024-10-07T20:40:02.209848,Circle,undefined,
2024-10-07T20:40:02.209848,Rectangle,undefined,
2024-10-07T20:40:02.277883,Circle,blue,
2024-10-07T20:40:02.279130,Pentagon,undefined,
2024-10-07T20:40:02.337227,Circle,undefined,
2024-10-07T20:40:02.337227,Rectangle,undefined,
2024-10-07T20:40:02.356543,Circle,undefined,
2024-10-07T20:40:02.356543,Rectangle,undefined,
2024-10-07T20:40:02.482064,Rectangle,undefined,
2024-10-07T20:40:02.544884,Circle,undefined,
2024-10-07T20:40:02.544884,Circle,undefined,
2024-10-07T20:40:02.610485,Rectangle,undefined,
2024-10-07T20:40:02.610485,Circle,undefined,
2024-10-07T20:40:02.674274,Circle,undefined,
2024-10-07T20:40:02.674274,Circle,undefined,
2024-10-07T20:40:02.674274,Circle,undefined,
2024-10-07T20:40:02.739161,Rectangle,undefined,
2024-10-07T20:40:02.739161,Circle,undefined,
2024-10-07T20:40:02.739161,Circle,undefined,
2024-10-07T20:40:02.766038,Rectangle,undefined,
2024-10-07T20:40:02.767990,Circle,undefined,
2024-10-07T20:40:02.769988,Circle,undefined,
2024-10-07T20:40:02.881608,Circle,undefined,
2024-10-07T20:40:02.881608,Circle,undefined,
2024-10-07T20:40:02.881608,Circle,undefined,
2024-10-07T20:40:02.945924,Circle,undefined,
2024-10-07T20:40:02.945924,Circle,undefined,
2024-10-07T20:40:02.945924,Circle,undefined,
2024-10-07T20:40:03.008983,Pentagon,undefined,
2024-10-07T20:40:03.008983,Rectangle,undefined,
2024-10-07T20:40:03.008983,Circle,undefined,
2024-10-07T20:40:03.073163,Circle,undefined,
2024-10-07T20:40:03.073163,Circle,undefined,
2024-10-07T20:40:03.137431,Rectangle,undefined,
2024-10-07T20:40:03.137431,Circle,undefined,
2024-10-07T20:40:03.155766,Rectangle,undefined,
2024-10-07T20:40:03.155766,Circle,undefined,
2024-10-07T20:40:03.282852,Circle,undefined,
2024-10-07T20:40:03.282852,Circle,undefined,
2024-10-07T20:40:03.282852,Circle,undefined,
2024-10-07T20:40:03.345506,Circle,undefined,
2024-10-07T20:40:03.345506,Circle,undefined,
2024-10-07T20:40:03.409730,Circle,undefined,
2024-10-07T20:40:03.409730,Pentagon,undefined,
2024-10-07T20:40:03.409730,Circle,undefined,
2024-10-07T20:40:03.474044,Circle,undefined,
2024-10-07T20:40:03.474044,Circle,undefined,
2024-10-07T20:40:03.491333,Circle,undefined,
2024-10-07T20:40:03.491333,Circle,undefined,
2024-10-07T20:40:03.536913,Circle,undefined,
2024-10-07T20:40:03.536913,Triangle,undefined,
2024-10-07T20:40:03.547019,Rectangle,undefined,
2024-10-07T20:40:03.547019,Rectangle,undefined,
2024-10-07T20:40:03.680827,Rectangle,undefined,
2024-10-07T20:40:03.680827,Rectangle,undefined,
2024-10-07T20:40:03.744942,Rectangle,undefined,
2024-10-07T20:40:03.819285,Triangle,undefined,
2024-10-07T20:40:03.873103,Rectangle,undefined,
2024-10-07T20:40:03.889098,Rectangle,undefined,
2024-10-07T20:40:03.937923,Pentagon,undefined,
2024-10-07T20:40:04.081767,Triangle,undefined,
2024-10-07T20:40:04.081767,Pentagon,undefined,
2024-10-07T20:40:04.081767,Rectangle,undefined,
2024-10-07T20:40:04.145712,Rectangle,undefined,
2024-10-07T20:40:04.210119,Pentagon,undefined,
2024-10-07T20:40:04.210119,Circle,undefined,
2024-10-07T20:40:04.210119,Circle,undefined,
2024-10-07T20:40:04.337901,Circle,undefined,
2024-10-07T20:40:04.480666,Rectangle,undefined,
2024-10-07T20:40:04.480666,Circle,undefined,
2024-10-07T20:40:04.480666,Pentagon,undefined,
2024-10-07T20:40:04.544571,Circle,undefined,
2024-10-07T20:40:04.544571,Pentagon,undefined,
2024-10-07T20:40:04.674480,Pentagon,undefined,
2024-10-07T20:40:04.674480,Circle,undefined,
2024-10-07T20:40:04.674480,Pentagon,undefined,
2024-10-07T20:40:04.698614,Pentagon,undefined,
2024-10-07T20:40:04.698614,Circle,undefined,
2024-10-07T20:40:04.698614,Pentagon,undefined,
2024-10-07T20:40:04.752515,Circle,undefined,
2024-10-07T20:40:04.752515,Triangle,undefined,
2024-10-07T20:40:04.752515,Circle,undefined,
2024-10-07T20:40:04.888382,Circle,undefined,
2024-10-07T20:40:04.891379,Circle,undefined,
2024-10-07T20:40:04.945856,Pentagon,undefined,
2024-10-07T20:40:05.007197,Rectangle,undefined,
2024-10-07T20:40:05.071792,Circle,undefined,
2024-10-07T20:40:05.082800,Circle,undefined,
2024-10-07T20:40:05.152249,Circle,undefined,
2024-10-07T20:40:05.152249,Rectangle,undefined,
2024-10-07T20:40:05.283557,Circle,undefined,
2024-10-07T20:40:05.345751,Circle,undefined,
2024-10-07T20:40:05.345751,Pentagon,undefined,
2024-10-07T20:40:05.345751,Circle,undefined,
2024-10-07T20:40:05.416233,Circle,undefined,
2024-10-07T20:40:05.418235,Pentagon,undefined,
2024-10-07T20:40:05.420239,Circle,undefined,
2024-10-07T20:40:05.431170,Circle,undefined,
2024-10-07T20:40:05.431170,Pentagon,undefined,
2024-10-07T20:40:05.431170,Circle,undefined,
2024-10-07T20:40:05.479071,Circle,undefined,
2024-10-07T20:40:05.479071,Pentagon,undefined,
2024-10-07T20:40:05.479071,Circle,undefined,
2024-10-07T20:40:05.681797,Rectangle,undefined,
2024-10-07T20:40:05.681797,Circle,undefined,
2024-10-07T20:40:05.681797,Pentagon,undefined,
2024-10-07T20:40:05.744743,Circle,undefined,
2024-10-07T20:40:05.810471,Circle,undefined,
2024-10-07T20:40:05.810471,Triangle,undefined,
2024-10-07T20:40:05.831988,Circle,undefined,
2024-10-07T20:40:05.831988,Triangle,undefined,
2024-10-07T20:40:05.873975,Circle,undefined,
2024-10-07T20:40:05.957692,Circle,undefined,
2024-10-07T20:40:05.960887,Circle,undefined,
2024-10-07T20:40:06.081758,Circle,undefined,
2024-10-07T20:40:06.081758,Rectangle,undefined,
2024-10-07T20:40:06.144745,Rectangle,undefined,
2024-10-07T20:40:06.144745,Pentagon,undefined,
2024-10-07T20:40:06.210260,Pentagon,undefined,
2024-10-07T20:40:06.210260,Circle,undefined,
2024-10-07T20:40:06.210260,Circle,undefined,
2024-10-07T20:40:06.210260,Rectangle,undefined,
2024-10-07T20:40:06.210260,Rectangle,undefined,
2024-10-07T20:40:06.233527,Pentagon,undefined,
2024-10-07T20:40:06.233527,Circle,undefined,
2024-10-07T20:40:06.233527,Circle,undefined,
2024-10-07T20:40:06.233527,Rectangle,undefined,
2024-10-07T20:40:06.233527,Rectangle,undefined,
2024-10-07T20:40:06.273585,Pentagon,undefined,
2024-10-07T20:40:06.353805,Circle,undefined,
2024-10-07T20:40:06.353805,Circle,undefined,
2024-10-07T20:40:06.353805,Rectangle,undefined,
2024-10-07T20:40:06.353805,Rectangle,undefined,
2024-10-07T20:40:06.485884,Rectangle,undefined,
2024-10-07T20:40:06.487900,Circle,undefined,
2024-10-07T20:40:06.489888,Rectangle,undefined,
2024-10-07T20:40:06.545920,Rectangle,undefined,
2024-10-07T20:40:06.545920,Circle,undefined,
2024-10-07T20:40:06.545920,Pentagon,undefined,
2024-10-07T20:40:06.612824,Circle,undefined,
2024-10-07T20:40:06.612824,Rectangle,undefined,
2024-10-07T20:40:06.612824,Circle,undefined,
2024-10-07T20:40:06.630114,Circle,undefined,
2024-10-07T20:40:06.630114,Rectangle,undefined,
2024-10-07T20:40:06.630114,Circle,undefined,
2024-10-07T20:40:06.695135,Rectangle,undefined,
2024-10-07T20:40:06.695135,Rectangle,undefined,
2024-10-07T20:40:06.695135,Circle,undefined,
2024-10-07T20:40:06.753279,Rectangle,undefined,
2024-10-07T20:40:06.883122,Rectangle,undefined,
2024-10-07T20:40:06.883122,Rectangle,undefined,
2024-10-07T20:40:07.014230,Rectangle,undefined,
2024-10-07T20:40:07.030688,Rectangle,undefined,
2024-10-07T20:40:07.095796,Rectangle,undefined,
2024-10-07T20:40:07.152781,Rectangle,undefined,
2024-10-07T20:40:07.280826,Pentagon,undefined,
2024-10-07T20:40:07.346996,Triangle,undefined,
2024-10-07T20:40:07.346996,Rectangle,undefined,
2024-10-07T20:40:07.365571,Triangle,undefined,
2024-10-07T20:40:07.365571,Rectangle,undefined,
2024-10-07T20:40:07.680210,Pentagon,undefined,
2024-10-07T20:40:07.680210,Rectangle,undefined,
2024-10-07T20:40:07.751769,Rectangle,undefined,
2024-10-07T20:40:07.751769,Circle,undefined,
2024-10-07T20:40:07.763175,Rectangle,undefined,
2024-10-07T20:40:07.763175,Circle,undefined,
2024-10-07T20:40:07.814517,Rectangle,undefined,
2024-10-07T20:40:07.814517,Circle,undefined,
2024-10-07T20:40:07.888681,Circle,undefined,
2024-10-07T20:40:07.888681,Circle,undefined,
2024-10-07T20:40:07.888681,Rectangle,undefined,
2024-10-07T20:40:07.888681,Circle,undefined,
2024-10-07T20:40:07.953724,Rectangle,undefined,
2024-10-07T20:40:07.953724,Circle,undefined,
2024-10-07T20:40:08.085301,Circle,undefined,
2024-10-07T20:40:08.089302,Rectangle,undefined,
2024-10-07T20:40:08.148342,Rectangle,undefined,
2024-10-07T20:40:08.163148,Rectangle,undefined,
2024-10-07T20:40:08.208467,Pentagon,undefined,
2024-10-07T20:40:08.288779,Circle,undefined,
2024-10-07T20:40:08.288779,Pentagon,undefined,
2024-10-07T20:40:08.288779,Circle,undefined,
2024-10-07T20:40:08.357942,Rectangle,undefined,
2024-10-07T20:40:08.357942,Circle,undefined,
2024-10-07T20:40:08.480342,Rectangle,undefined,
2024-10-07T20:40:08.480342,Circle,undefined,
2024-10-07T20:40:08.544121,Rectangle,undefined,
2024-10-07T20:40:08.544121,Rectangle,undefined,
2024-10-07T20:40:08.552080,Rectangle,undefined,
2024-10-07T20:40:08.552080,Rectangle,undefined,
2024-10-07T20:40:08.628810,Circle,undefined,
2024-10-07T20:40:08.628810,Rectangle,undefined,
2024-10-07T20:40:08.628810,Circle,undefined,
2024-10-07T20:40:08.687628,Rectangle,undefined,
2024-10-07T20:40:08.751092,Circle,undefined,
2024-10-07T20:40:08.751092,Rectangle,undefined,
2024-10-07T20:40:08.751092,Circle,undefined,
2024-10-07T20:40:08.881865,Rectangle,undefined,
2024-10-07T20:40:08.881865,Circle,undefined,
2024-10-07T20:40:08.946122,Pentagon,undefined,
2024-10-07T20:40:08.962677,Pentagon,undefined,
2024-10-07T20:40:09.025748,Circle,undefined,
2024-10-07T20:40:09.089675,Circle,undefined,
2024-10-07T20:40:09.153946,Circle,undefined,
2024-10-07T20:40:09.153946,Circle,undefined,
2024-10-07T20:40:09.153946,Circle,undefined,
2024-10-07T20:40:09.281426,Rectangle,undefined,
2024-10-07T20:40:09.281426,Circle,undefined,
2024-10-07T20:40:09.300919,Rectangle,undefined,
2024-10-07T20:40:09.300919,Circle,undefined,
2024-10-07T20:40:09.345659,Rectangle,undefined,
2024-10-07T20:40:09.345659,Circle,undefined,
2024-10-07T20:40:09.345659,Rectangle,undefined,
2024-10-07T20:40:09.425649,Circle,undefined,
2024-10-07T20:40:09.425649,Circle,undefined,
2024-10-07T20:40:09.489477,Pentagon,undefined,
2024-10-07T20:40:09.553860,Circle,undefined,
2024-10-07T20:40:09.553860,Circle,undefined,
2024-10-07T20:41:01.268924,Rectangle,red,
2024-10-07T20:41:01.268924,Circle,green,
2024-10-07T20:41:01.268924,Circle,blue,
2024-10-07T20:41:01.268924,Triangle,red,
2024-10-07T20:41:05.298326,Square,blue,
2024-10-07T20:41:05.298326,Circle,yellow,
2024-10-07T20:41:05.298326,Rectangle,undefined,
2024-10-07T20:41:05.298326,Circle,undefined,
2024-10-07T20:41:05.298326,Circle,blue,
2024-10-07T20:41:05.298326,Square,yellow,
2024-10-07T20:41:05.298326,Circle,yellow,
2024-10-07T20:41:05.298326,Rectangle,green,
2024-10-07T20:41:05.314826,Square,yellow,
